ab_group,users,avg_model_prob,expected_conversion_rate,avg_score_rank
control,13573,0.9777798799947122,0.11660159614745395,0.9660159614745396
treatment,13573,0.9778226329346177,0.13409935512927715,0.9660813489502362
