feature,coefficient
view_count,1.7970748257716982
has_carted,0.8825168818894555
view_to_cart_rate,0.09696505036232
cart_count,-0.0979755391066978
has_viewed,-0.17018022754168236
